{
  "PUT /api/Messages/AreaReport" : {
    "transaction" : "PUT /api/Messages/AreaReport",
    "sampleCount" : 1000,
    "errorCount" : 169,
    "errorPct" : 16.9,
    "meanResTime" : 3869.5039999999954,
    "minResTime" : 290.0,
    "maxResTime" : 11886.0,
    "pct1ResTime" : 9261.0,
    "pct2ResTime" : 9267.0,
    "pct3ResTime" : 11797.0,
    "throughput" : 36.90173069116941,
    "receivedKBytesPerSec" : 20.895208598564523,
    "sentKBytesPerSec" : 19.063491734012324
  },
  "HEAD /api/Messages/List" : {
    "transaction" : "HEAD /api/Messages/List",
    "sampleCount" : 1000,
    "errorCount" : 561,
    "errorPct" : 56.1,
    "meanResTime" : 4558.545999999995,
    "minResTime" : 643.0,
    "maxResTime" : 16724.0,
    "pct1ResTime" : 7856.5,
    "pct2ResTime" : 16360.849999999999,
    "pct3ResTime" : 16644.94,
    "throughput" : 59.35422602089269,
    "receivedKBytesPerSec" : 28.311154328406936,
    "sentKBytesPerSec" : 15.881892509496677
  },
  "GET /api/Messages/List" : {
    "transaction" : "GET /api/Messages/List",
    "sampleCount" : 1000,
    "errorCount" : 546,
    "errorPct" : 54.6,
    "meanResTime" : 8043.113999999998,
    "minResTime" : 1229.0,
    "maxResTime" : 17996.0,
    "pct1ResTime" : 17532.9,
    "pct2ResTime" : 17636.95,
    "pct3ResTime" : 17720.98,
    "throughput" : 42.204777580822146,
    "receivedKBytesPerSec" : 690.1441870172829,
    "sentKBytesPerSec" : 12.034956107031316
  },
  "POST /api/Message" : {
    "transaction" : "POST /api/Message",
    "sampleCount" : 1000,
    "errorCount" : 355,
    "errorPct" : 35.5,
    "meanResTime" : 3699.7629999999986,
    "minResTime" : 1192.0,
    "maxResTime" : 13632.0,
    "pct1ResTime" : 9361.0,
    "pct2ResTime" : 10550.95,
    "pct3ResTime" : 13155.99,
    "throughput" : 40.54327995134806,
    "receivedKBytesPerSec" : 23.90410405686195,
    "sentKBytesPerSec" : 15.08495084127306
  },
  "PUT /api/Messages/SeedReport" : {
    "transaction" : "PUT /api/Messages/SeedReport",
    "sampleCount" : 1000,
    "errorCount" : 19,
    "errorPct" : 1.9,
    "meanResTime" : 3456.0519999999988,
    "minResTime" : 21.0,
    "maxResTime" : 11801.0,
    "pct1ResTime" : 8900.8,
    "pct2ResTime" : 9262.95,
    "pct3ResTime" : 11451.0,
    "throughput" : 40.661976985321026,
    "receivedKBytesPerSec" : 23.709744642784532,
    "sentKBytesPerSec" : 21.56196631155207
  },
  "Total" : {
    "transaction" : "Total",
    "sampleCount" : 5000,
    "errorCount" : 1650,
    "errorPct" : 33.0,
    "meanResTime" : 4725.395800000001,
    "minResTime" : 21.0,
    "maxResTime" : 17996.0,
    "pct1ResTime" : 11365.0,
    "pct2ResTime" : 16387.0,
    "pct3ResTime" : 17636.989999999998,
    "throughput" : 160.76136582856407,
    "receivedKBytesPerSec" : 597.0095308882869,
    "sentKBytesPerSec" : 63.39398390778728
  }
}